id,first_name,last_name,reagen,city
1,Neha,Iyer,Central,Hyderabad
2,Suresh,Joshi,West,Kolkata
3,Priya,Singh,West,Mumbai
4,Amit,Mehta,North,Mumbai
5,Sneha,Iyer,East,Kolkata
6,Raj,Sharma,West,Kolkata
7,Raj,Sharma,South,Delhi
8,Sneha,Sharma,West,Bangalore
9,Anil,Reddy,West,Pune
10,Anil,Reddy,East,Hyderabad
11,Priya,Mehta,North,Pune
12,Amit,Khan,East,Bangalore
13,Amit,Patel,West,Chennai
14,Raj,Khan,North,Jaipur
15,Vikas,Reddy,North,Hyderabad
16,Raj,Iyer,Central,Delhi
17,Raj,Gupta,South,Kolkata
18,Sneha,Mehta,North,Kolkata
19,Suresh,Gupta,North,Chennai
20,Pooja,Gupta,West,Mumbai
21,Pooja,Gupta,East,Delhi
22,Ravi,Singh,North,Delhi
23,Priya,Joshi,North,Chennai
24,Pooja,Khan,Central,Jaipur
25,Raj,Mehta,East,Kolkata
26,Pooja,Verma,East,Pune
27,Pooja,Mehta,South,Bangalore
28,Anil,Sharma,South,Pune
29,Neha,Mehta,Central,Bangalore
30,Amit,Sharma,North,Bangalore
31,Vikas,Joshi,West,Mumbai
32,Suresh,Singh,East,Hyderabad
33,Raj,Verma,South,Delhi
34,Pooja,Reddy,East,Bangalore
35,Anil,Mehta,East,Bangalore
36,Sneha,Iyer,West,Chennai
37,Raj,Iyer,East,Pune
38,Priya,Joshi,Central,Kolkata
39,Neha,Singh,Central,Hyderabad
40,Vikas,Reddy,Central,Hyderabad
41,Ravi,Sharma,North,Hyderabad
42,Priya,Joshi,Central,Bangalore
43,Vikas,Khan,East,Mumbai
44,Sneha,Gupta,East,Mumbai
45,Vikas,Patel,Central,Pune
46,Amit,Sharma,West,Delhi
47,Amit,Patel,West,Delhi
48,Pooja,Patel,West,Mumbai
49,Anil,Reddy,Central,Kolkata
50,Neha,Khan,East,Jaipur
51,Ravi,Joshi,South,Jaipur
52,Ravi,Khan,South,Bangalore
53,Ravi,Reddy,North,Bangalore
54,Neha,Mehta,South,Mumbai
55,Neha,Iyer,East,Delhi
56,Priya,Iyer,Central,Mumbai
57,Ravi,Singh,North,Delhi
58,Ravi,Reddy,East,Pune
59,Ravi,Mehta,South,Bangalore
60,Raj,Patel,East,Pune
61,Neha,Singh,West,Kolkata
62,Amit,Sharma,East,Pune
63,Neha,Khan,Central,Delhi
64,Amit,Sharma,Central,Mumbai
65,Pooja,Joshi,Central,Bangalore
66,Vikas,Reddy,West,Kolkata
67,Anil,Verma,South,Kolkata
68,Ravi,Khan,North,Bangalore
69,Sneha,Khan,South,Jaipur
70,Priya,Sharma,East,Jaipur
71,Raj,Gupta,Central,Jaipur
72,Amit,Sharma,South,Mumbai
73,Raj,Reddy,Central,Mumbai
74,Vikas,Mehta,East,Delhi
75,Amit,Joshi,Central,Jaipur
76,Anil,Iyer,South,Delhi
77,Raj,Khan,Central,Mumbai
78,Priya,Gupta,West,Chennai
79,Sneha,Mehta,West,Delhi
80,Neha,Singh,North,Bangalore
81,Priya,Khan,East,Pune
82,Vikas,Iyer,Central,Bangalore
83,Sneha,Mehta,South,Mumbai
84,Neha,Reddy,South,Mumbai
85,Amit,Patel,West,Delhi
86,Ravi,Gupta,West,Jaipur
87,Ravi,Khan,West,Hyderabad
88,Raj,Mehta,North,Chennai
89,Pooja,Reddy,Central,Pune
90,Neha,Sharma,Central,Jaipur
91,Priya,Verma,East,Kolkata
92,Amit,Sharma,Central,Hyderabad
93,Anil,Iyer,West,Bangalore
94,Vikas,Singh,East,Hyderabad
95,Raj,Mehta,East,Kolkata
96,Ravi,Singh,West,Kolkata
97,Neha,Joshi,Central,Bangalore
98,Anil,Verma,North,Delhi
99,Suresh,Singh,Central,Jaipur
100,Sneha,Sharma,North,Bangalore
101,Raj,Iyer,East,Kolkata
102,Suresh,Gupta,West,Kolkata
103,Sneha,Khan,East,Jaipur
104,Pooja,Iyer,North,Hyderabad
105,Vikas,Reddy,North,Hyderabad
106,Anil,Reddy,Central,Chennai
107,Pooja,Iyer,Central,Kolkata
108,Anil,Khan,East,Jaipur
109,Ravi,Sharma,Central,Delhi
110,Amit,Verma,South,Delhi
111,Suresh,Mehta,Central,Pune
112,Pooja,Reddy,West,Delhi
113,Sneha,Mehta,Central,Mumbai
114,Sneha,Sharma,East,Hyderabad
115,Pooja,Iyer,East,Bangalore
116,Priya,Sharma,North,Mumbai
117,Neha,Joshi,West,Chennai
118,Pooja,Verma,North,Kolkata
119,Amit,Mehta,Central,Delhi
120,Neha,Sharma,West,Mumbai
121,Pooja,Reddy,South,Jaipur
122,Sneha,Iyer,North,Mumbai
123,Anil,Khan,North,Chennai
124,Vikas,Reddy,West,Kolkata
125,Raj,Mehta,Central,Jaipur
126,Sneha,Verma,Central,Bangalore
127,Priya,Sharma,South,Jaipur
128,Suresh,Sharma,North,Hyderabad
129,Suresh,Mehta,North,Chennai
130,Amit,Singh,East,Hyderabad
131,Sneha,Gupta,North,Chennai
132,Sneha,Joshi,West,Delhi
133,Priya,Reddy,Central,Jaipur
134,Vikas,Sharma,East,Pune
135,Priya,Iyer,East,Delhi
136,Pooja,Verma,South,Jaipur
137,Sneha,Joshi,East,Chennai
138,Suresh,Mehta,Central,Bangalore
139,Raj,Joshi,East,Bangalore
140,Pooja,Gupta,Central,Pune
141,Suresh,Joshi,North,Kolkata
142,Anil,Patel,Central,Bangalore
143,Neha,Khan,West,Mumbai
144,Sneha,Patel,South,Mumbai
145,Amit,Patel,East,Kolkata
146,Ravi,Patel,East,Jaipur
147,Priya,Mehta,West,Bangalore
148,Vikas,Mehta,West,Bangalore
149,Priya,Gupta,Central,Hyderabad
150,Pooja,Sharma,South,Mumbai
151,Anil,Verma,East,Bangalore
152,Vikas,Verma,West,Bangalore
153,Pooja,Iyer,East,Kolkata
154,Sneha,Gupta,North,Delhi
155,Anil,Verma,North,Kolkata
156,Vikas,Reddy,Central,Mumbai
157,Vikas,Iyer,North,Jaipur
158,Neha,Verma,West,Mumbai
159,Anil,Singh,West,Jaipur
160,Ravi,Iyer,East,Mumbai
161,Suresh,Singh,North,Chennai
162,Neha,Iyer,West,Bangalore
163,Vikas,Joshi,West,Bangalore
164,Priya,Reddy,South,Hyderabad
165,Sneha,Sharma,West,Jaipur
166,Vikas,Iyer,South,Mumbai
167,Pooja,Verma,North,Chennai
168,Raj,Khan,Central,Pune
169,Vikas,Patel,Central,Mumbai
170,Neha,Gupta,Central,Pune
171,Pooja,Gupta,Central,Kolkata
172,Suresh,Verma,West,Bangalore
173,Amit,Mehta,West,Hyderabad
174,Pooja,Patel,West,Delhi
175,Suresh,Joshi,Central,Chennai
176,Priya,Khan,West,Delhi
177,Suresh,Reddy,West,Jaipur
178,Vikas,Joshi,South,Hyderabad
179,Sneha,Gupta,East,Mumbai
180,Pooja,Patel,North,Bangalore
181,Priya,Joshi,East,Jaipur
182,Suresh,Khan,North,Hyderabad
183,Anil,Iyer,East,Pune
184,Ravi,Gupta,West,Pune
185,Suresh,Khan,North,Bangalore
186,Amit,Mehta,East,Pune
187,Anil,Khan,North,Chennai
188,Amit,Singh,South,Mumbai
189,Anil,Reddy,West,Chennai
190,Sneha,Gupta,South,Hyderabad
191,Priya,Singh,South,Mumbai
192,Sneha,Sharma,Central,Mumbai
193,Anil,Patel,Central,Jaipur
194,Raj,Iyer,Central,Chennai
195,Anil,Singh,East,Delhi
196,Anil,Joshi,West,Pune
197,Raj,Mehta,South,Bangalore
198,Neha,Joshi,West,Pune
199,Priya,Verma,North,Hyderabad
200,Anil,Iyer,East,Kolkata
201,Raj,Joshi,West,Chennai
202,Suresh,Mehta,North,Pune
203,Neha,Gupta,North,Bangalore
204,Raj,Joshi,West,Hyderabad
205,Vikas,Mehta,Central,Chennai
206,Neha,Verma,Central,Mumbai
207,Amit,Patel,West,Jaipur
208,Ravi,Verma,Central,Mumbai
209,Amit,Iyer,Central,Bangalore
210,Pooja,Reddy,West,Jaipur
211,Anil,Singh,South,Jaipur
212,Sneha,Khan,Central,Hyderabad
213,Sneha,Joshi,Central,Delhi
214,Vikas,Reddy,South,Delhi
215,Pooja,Iyer,South,Hyderabad
216,Anil,Verma,West,Pune
217,Priya,Gupta,Central,Mumbai
218,Suresh,Patel,North,Pune
219,Pooja,Sharma,West,Delhi
220,Raj,Gupta,South,Kolkata
221,Neha,Joshi,Central,Pune
222,Suresh,Mehta,South,Kolkata
223,Ravi,Joshi,South,Delhi
224,Neha,Joshi,South,Delhi
225,Neha,Singh,West,Bangalore
226,Amit,Reddy,North,Hyderabad
227,Ravi,Iyer,North,Pune
228,Sneha,Iyer,East,Bangalore
229,Priya,Sharma,Central,Bangalore
230,Neha,Singh,South,Pune
231,Sneha,Sharma,East,Chennai
232,Suresh,Gupta,West,Delhi
233,Anil,Patel,Central,Kolkata
234,Raj,Iyer,North,Jaipur
235,Anil,Singh,Central,Delhi
236,Amit,Verma,West,Hyderabad
237,Sneha,Reddy,North,Bangalore
238,Pooja,Khan,South,Kolkata
239,Raj,Iyer,West,Bangalore
240,Raj,Sharma,North,Delhi
241,Priya,Sharma,South,Bangalore
242,Suresh,Sharma,Central,Pune
243,Amit,Reddy,East,Kolkata
244,Pooja,Singh,West,Delhi
245,Suresh,Mehta,West,Pune
246,Amit,Iyer,South,Pune
247,Raj,Mehta,South,Kolkata
248,Pooja,Reddy,West,Jaipur
249,Suresh,Mehta,South,Delhi
250,Vikas,Sharma,South,Kolkata
251,Pooja,Joshi,Central,Pune
252,Pooja,Mehta,South,Jaipur
253,Raj,Iyer,East,Bangalore
254,Ravi,Iyer,North,Bangalore
255,Vikas,Sharma,Central,Kolkata
256,Raj,Patel,South,Delhi
257,Vikas,Iyer,Central,Delhi
258,Anil,Reddy,East,Hyderabad
259,Anil,Sharma,South,Hyderabad
260,Amit,Mehta,Central,Delhi
261,Pooja,Patel,South,Mumbai
262,Raj,Iyer,West,Pune
263,Pooja,Khan,North,Hyderabad
264,Ravi,Iyer,Central,Chennai
265,Priya,Reddy,West,Jaipur
266,Raj,Khan,South,Jaipur
267,Pooja,Khan,West,Delhi
268,Neha,Mehta,West,Chennai
269,Ravi,Khan,East,Jaipur
270,Vikas,Gupta,North,Jaipur
271,Pooja,Reddy,West,Mumbai
272,Ravi,Joshi,West,Bangalore
273,Vikas,Verma,North,Jaipur
274,Priya,Mehta,East,Pune
275,Neha,Sharma,South,Jaipur
276,Anil,Mehta,South,Chennai
277,Pooja,Joshi,Central,Kolkata
278,Neha,Reddy,North,Mumbai
279,Pooja,Iyer,South,Chennai
280,Priya,Gupta,South,Jaipur
281,Sneha,Joshi,East,Chennai
282,Raj,Verma,West,Mumbai
283,Ravi,Gupta,South,Hyderabad
284,Amit,Verma,East,Hyderabad
285,Pooja,Patel,South,Hyderabad
286,Vikas,Joshi,East,Delhi
287,Sneha,Joshi,North,Chennai
288,Anil,Gupta,South,Chennai
289,Sneha,Khan,West,Chennai
290,Suresh,Mehta,Central,Delhi
291,Pooja,Khan,North,Jaipur
292,Neha,Khan,West,Mumbai
293,Ravi,Gupta,North,Mumbai
294,Pooja,Reddy,East,Kolkata
295,Sneha,Joshi,East,Delhi
296,Suresh,Reddy,East,Delhi
297,Amit,Gupta,South,Chennai
298,Priya,Sharma,West,Delhi
299,Anil,Joshi,North,Mumbai
300,Neha,Gupta,South,Chennai
