first_name,last_name,region,city
Vikas,Kale,India,Pune
Sonia,Deshmukh,India,Mumbai
Priya,Patil,India,Hyderabad
Vikas,Deshmukh,India,Bangalore
Priya,Sharma,India,Pune
Rahul,Kulkarni,India,Pune
Vikas,Singh,India,Pune
Sagar,Gadre,India,Bangalore
Meera,Singh,India,Hyderabad
Sonia,Singh,India,Hyderabad
Rahul,Pawar,India,Pune
Sagar,Patil,India,Delhi
Rohit,Deshmukh,India,Hyderabad
Neha,Gadre,India,Bangalore
Sagar,Deshmukh,India,Pune
Vikas,Singh,India,Hyderabad
Meera,Singh,India,Delhi
Neha,Singh,India,Delhi
Priya,Patil,India,Mumbai
Vikas,Singh,India,Hyderabad
Amit,Singh,India,Delhi
Sagar,Patil,India,Mumbai
Priya,Jadhav,India,Pune
Rohit,Patil,India,Bangalore
Sagar,Singh,India,Pune
Neha,Jadhav,India,Mumbai
Vikas,Sharma,India,Pune
Amit,Gadre,India,Bangalore
Vikas,Sharma,India,Pune
Rohit,Deshmukh,India,Mumbai
Sagar,Deshmukh,India,Bangalore
Priya,Deshmukh,India,Hyderabad
Rahul,Jadhav,India,Pune
Rahul,Naik,India,Mumbai
Kiran,Patil,India,Hyderabad
Rohit,Naik,India,Bangalore
Neha,Patil,India,Hyderabad
Sagar,Kale,India,Hyderabad
Kiran,Gadre,India,Hyderabad
Amit,Sharma,India,Pune
Vikas,Gadre,India,Bangalore
Vikas,Pawar,India,Pune
Rahul,Kulkarni,India,Delhi
Priya,Deshmukh,India,Pune
Sagar,Jadhav,India,Delhi
Rahul,Kale,India,Mumbai
Kiran,Deshmukh,India,Mumbai
Amit,Naik,India,Bangalore
Priya,Patil,India,Hyderabad
Priya,Sharma,India,Pune
Vikas,Kale,India,Pune
Neha,Jadhav,India,Delhi
Rahul,Kulkarni,India,Bangalore
Priya,Singh,India,Mumbai
Sagar,Sharma,India,Bangalore
Sagar,Singh,India,Pune
Rohit,Kulkarni,India,Bangalore
Kiran,Kale,India,Bangalore
Sonia,Jadhav,India,Mumbai
Neha,Kulkarni,India,Delhi
Rohit,Kulkarni,India,Mumbai
Vikas,Naik,India,Hyderabad
Sagar,Naik,India,Hyderabad
Vikas,Jadhav,India,Bangalore
Rahul,Naik,India,Delhi
Sonia,Gadre,India,Hyderabad
Rohit,Kale,India,Mumbai
Amit,Sharma,India,Bangalore
Sonia,Patil,India,Pune
Meera,Patil,India,Hyderabad
Sonia,Naik,India,Delhi
Amit,Singh,India,Delhi
Sagar,Naik,India,Hyderabad
Vikas,Naik,India,Hyderabad
Rohit,Kulkarni,India,Hyderabad
